{
  "other": [
    "months.january",
    "months.february",
    "months.march",
    "months.april",
    "months.may",
    "months.june",
    "months.july",
    "months.august",
    "months.september",
    "months.october",
    "months.november",
    "months.december",
    "cities.amsterdam",
    "cities.athens",
    "cities.barcelona",
    "cities.belgrade",
    "cities.berlin",
    "cities.bern",
    "cities.birmingham",
    "cities.bratislava",
    "cities.brussels",
    "cities.bucharest",
    "cities.budapest",
    "cities.cologne",
    "cities.dubrovnik",
    "cities.dusseldorf",
    "cities.frankfurt",
    "cities.geneva",
    "cities.hamburg",
    "cities.helsinki",
    "cities.hessen",
    "cities.istanbul",
    "cities.lisbon",
    "cities.london",
    "cities.luxembourg",
    "cities.lyon",
    "cities.madrid",
    "cities.manchester",
    "cities.marseille",
    "cities.milan",
    "cities.munich",
    "cities.oslo",
    "cities.paris",
    "cities.porec",
    "cities.prague",
    "cities.pristina",
    "cities.riga",
    "cities.rijeka",
    "cities.rome",
    "cities.skopje",
    "cities.sofia",
    "cities.split",
    "cities.stockholm",
    "cities.strasbourg",
    "cities.tallinn",
    "cities.tartu",
    "cities.turin",
    "cities.valencia",
    "cities.vienna",
    "cities.vilnius",
    "cities.warsaw",
    "cities.zadar",
    "cities.zagreb",
    "cities.zurich",
    "countries.albania",
    "countries.andorra",
    "countries.austria",
    "countries.belarus",
    "countries.belgium",
    "countries.bosnia_and_herzegovina",
    "countries.bulgaria",
    "countries.croatia",
    "countries.cyprus",
    "countries.czech_republic",
    "countries.denmark",
    "countries.estonia",
    "countries.finland",
    "countries.france",
    "countries.germany",
    "countries.greece",
    "countries.hungary",
    "countries.iceland",
    "countries.ireland",
    "countries.italy",
    "countries.kosovo",
    "countries.latvia",
    "countries.liechtenstein",
    "countries.lithuania",
    "countries.luxembourg",
    "countries.malta",
    "countries.moldova",
    "countries.monaco",
    "countries.montenegro",
    "countries.netherlands",
    "countries.north_macedonia",
    "countries.norway",
    "countries.poland",
    "countries.portugal",
    "countries.romania",
    "countries.russia",
    "countries.san_marino",
    "countries.serbia",
    "countries.slovakia",
    "countries.slovenia",
    "countries.spain",
    "countries.sweden",
    "countries.switzerland",
    "countries.turkey",
    "countries.ukraine",
    "countries.united_kingdom",
    "countries.vatican_city"
  ]
}